"LAT","LON","DISTRICT","STATION","count"
22.42,87.32,"PASCHIM MEDINIPUR","MIDNAPORE       ",120
22.53,88.33,"KOLKATA         ","ALIPUR          ",120
24.13,88.27,"MURSHIDABAD     ","BARHAMPORE      1",120
26.53,88.72,"JALPAIGURI      ","JALPAIGURI      1",120
25.03,88.13,"MALDA           ","MALDA           ",119
21.65,88.05,"24 PARGANAS S   ","SAGAR ISLAND    1",118
21.78,87.75,"PURBA MEDINIPUR","CONTAI          ",118
23.4,88.52,"NADIA           ","KRISHNANAGAR    1",118
27.05,88.27,"DARJEELING      ","DARJEELING      1",118
23.22,87.07,"BANKURA         ","BANKURA         1",111
26.33,89.47,"COOCH BEHAR     ","COOCH BEHAR AERO",111
23.23,87.85,"PURBA BARDHAMAN         ","BURDWAN         ",106
26.52,89.2,"ALIPURDUAR      ","FALAKATA        ",104
22.88,87.78,"HOOGLY          ","ARAMBAGH        ",102
23.97,88.05,"MURSHIDABAD     ","KANDI           ",101
24.18,87.8,"BIRBHUM         ","RAMPURHAT       ",101
23.67,87.7,"BIRBHUM         ","BOLPUR          ",97
23.68,86.98,"PASCHIM BARDHAMAN         ","ASANSOL         ",97
23.92,87.53,"BIRBHUM         ","SURI(CWC)       ",97
27.07,88.47,"KALIMPONG       ","KALIMPONG       ",97
23.07,88.82,"24 PARGANAS N   ","BONGAON         ",94
23.18,88.55,"NADIA           ","RANAGHAT        ",94
23.2,88.35,"PURBA BARDHAMAN         ","KALNA           ",94
20.85,88.25,"24 PARGANAS S   ","SANDHEADS       ",93
22.67,88.88,"24 PARGANAS N   ","BASIRHAT(DEPT)  ",92
23.37,85.98,"PURULIA ","JHALDAH/JHALDA  ",91
25.62,88.13,"UTTAR DINAJPUR","RAIGANJ         1",90
23.65,88.13,"PURBA BARDHAMAN         ","KATWA           1",89
26.15,89.47,"COOCH BEHAR     ","DINHATA         1",88
26.72,88.43,"DARJEELING      ","SILIGURI        1",88
26.47,89.55,"ALIPURDUAR      ","ALIPURDUAR      1",87
25.33,87.92,"MALDA           ","CHANCHAL        ",85
23.15,87.63,"BANKURA         ","INDAS           ",84
22.47,88.12,"HOWRAH          ","ULUBERIA        1",82
22.58,88.02,"HOWRAH          ","AMTA            ",82
22.88,86.78,"BANKURA         ","RANIBANDH       ",78
25.38,88.52,"DAKSHIN DINAJPUR","GANGARAMPUR     ",76
23.07,87.45,"BANKURA         ","JOYPUR          ",73
22.02,87.97,"PURBA MEDINIPUR","NANDIGRAM       ",72
22.3,87.92,"PURBA MEDINIPUR","TAMLUK          1",71
23.83,87.82,"BIRBHUM         ","LABPUR          1",71
26.92,88.5,"DARJEELING      ","MONGPOO         ",71
22.48,88.18,"24 PARGANAS S   ","BUDGE BUDGE     ",70
22.65,88.45,"24 PARGANAS N   ","DUM DUM AERO    ",70
24.47,88.07,"MURSHIDABAD     ","JONGIPUR        ",70
26.63,88.32,"DARJEELING      ","BAGDOGRA AERO   ",70
23.55,86.67,"PURULIA ","RAGHUNATHPUR    ",69
27.08,88.58,"KALIMPONG       ","PEDONG          1",68
22.18,88.18,"24 PARGANAS S   ","DIAMOND HARBOUR 1",67
22.25,87.58,"PASCHIM MEDINIPUR","PINGLA          ",67
22.42,87.72,"PURBA MEDINIPUR","PANSKURA        ",67
26.77,89.58,"ALIPURDUAR      ","BUXA            ",67
26.88,88.28,"DARJEELING      ","KURSEONG        ",67
23.03,86.42,"PURULIA ","BARABAZAR       ",66
26.7,89.45,"ALIPURDUAR      ","KALCHINI        ",65
21.87,87.43,"PASCHIM MEDINIPUR","MOHANPUR        ",64
23.3,87.42,"BANKURA         ","SONAMUKHI       1",64
23.45,87.55,"PURBA BARDHAMAN         ","MANKER          1",64
25.22,88.77,"DAKSHIN DINAJPUR","BALURGHAT       1",64
22.75,88.35,"HOOGLY          ","SERAMPORE       ",63
22.98,86.85,"BANKURA         ","KHATRA          ",63
23.08,87.32,"BANKURA         ","VISHNUPUR       ",63
23.48,87.32,"PASCHIM BARDHAMAN         ","DURGAPUR        ",63
24.43,87.88,"BIRBHUM         ","MURARAI         1",63
22.92,88.4,"HOOGLY          ","HOOGHLY         ",62
23.33,86.42,"PURULIA ","PURULIA         2",62
26.35,89.22,"COOCH BEHAR     ","MATHABHANGA     1",62
22.77,88.37,"24 PARGANAS N   ","BARRACKPORE     ",61
26.32,89.63,"COOCH BEHAR     ","TUFANGANJ       ",61
22.12,87.75,"PASCHIM MEDINIPUR","BHAGWANPUR      ",60
22.12,88.1,"PURBA MEDINIPUR","KUKRAHATI       ",60
22.65,87.72,"PASCHIM MEDINIPUR","GHATAL          ",60
23.43,87.12,"BANKURA         ","GANGAJALGHATI   ",60
23.65,87.7,"BIRBHUM         ","SHANTI NIKETAN  ",60
24.23,88.23,"MURSHIDABAD     ","AZIMGANJ        ",60
25.22,88.2,"MALDA           ","GAZOLE          ",60
25.22,88.78,"DAKSHIN DINAJPUR","BALURGHAT       2",60
25.3,88.15,"UTTAR DINAJPUR","ITAHAR          1",60
22.72,88.48,"24 PARGANAS N   ","BARASAT         ",59
23.53,87.9,"PURBA BARDHAMAN         ","MANGALKOTE      ",59
22.13,87.23,"PURBA MEDINIPUR","KESIARY KALTIKRI",58
23.02,87.6,"BANKURA         ","KOTALPUR        ",58
23.07,86.65,"PURULIA ","MANBAZAR        ",58
24.18,88.28,"MURSHIDABAD     ","LALBAGH         1",58
26.62,89.83,"ALIPURDUAR      ","KUMARGRAM       1",58
22.63,86.8,"JHARGRAM        ","SILDA BELPAHARI ",57
23.13,87.2,"BANKURA         ","ONDA            ",57
22.45,87,"JHARGRAM        ","JHARGRAM        ",56
23,88.57,"NADIA           ","HARINGHATA      ",56
26.33,88.92,"COOCH BEHAR     ","MEKLIGANJ       ",56
23.33,86.38,"PURULIA ","PURULIA         1",55
23.75,87.33,"BIRBHUM         ","HETAMPUR        1",54
23.87,88.45,"MURSHIDABAD     ","POTKABARI       ",54
24.28,88.1,"MURSHIDABAD     ","SAGARDIGHI      ",54
22.73,87.52,"PURBA MEDINIPUR","CHANDRAKONA     ",53
23.03,87.1,"BANKURA         ","TALDANGRA       ",53
22.03,87.3,"PURBA MEDINIPUR","PACHET%KHARAI   ",52
22.77,87.33,"PASCHIM MEDINIPUR","AMLAGORA        ",52
22.98,88.37,"HOOGLY          ","BAGATI          ",52
22.5,87.95,"HOWRAH          ","ULUBERIA        2",51
24.28,87.83,"BIRBHUM         ","NALHATI         1",51
21.7,87.55,"PURBA MEDINIPUR","RAMNAGAR        ",50
21.97,87.27,"PASCHIM MEDINIPUR","DANTAN          ",50
22.88,86.5,"PURULIA ","BANDWAN         ",50
24.41,88.26,"MURSHIDABAD     ","LALGOLA         ",50
22.92,87.07,"BANKURA         ","SIMLAPAL        ",49
23.17,86.93,"BANKURA         ","INDPUR          ",49
23.73,88.23,"MURSHIDABAD     ","KALYANGANJ      ",49
24.25,87.17,"MURSHIDABAD     ","DUMKA           ",49
26.88,88.47,"DARJEELING      ","SEVOK           ",49
22.17,87.37,"PASCHIM MEDINIPUR","NARAYANGARH     ",48
22.43,87.87,"PURBA MEDINIPUR","KOLAGHAT        ",48
22.58,88.32,"HOWRAH          ","HOWRAH          ",48
27.12,88.23,"DARJEELING      ","SINGLA BAZAR    ",48
22.33,87.33,"PASCHIM MEDINIPUR","KHARAGPORE      1",47
23.53,86.93,"BANKURA         ","SALTORA         ",47
23.62,87.17,"PASCHIM BARDHAMAN         ","LUUCHIPUR       ",47
23.96,88.26,"MURSHIDABAD     ","AKRIGANJ        ",47
26.63,88.32,"DARJEELING      ","BAGDOGRA        ",47
23.42,87.17,"BANKURA         ","MALIARA         ",46
23.43,87.3,"BANKURA         ","BARJORA         ",46
22.35,87.22,"PASCHIM MEDINIPUR","KALAIKONDA  AF  ",45
23.43,88.1,"PURBA BARDHAMAN         ","MANTESWAR       ",45
23.3,86.97,"BANKURA         ","CHATNA          ",44
23.4,87.38,"BANKURA         ","PALASDANGA      ",44
23.88,87.53,"BIRBHUM         ","SURI            1",44
26.62,89.8,"ALIPURDUAR      ","KUMARGRAM       2",44
26.87,88.77,"JALPAIGURI      ","NEORA           ",44
27.07,88.67,"KALIMPONG       ","LABHA(LAVA)     ",44
22.8,86.95,"BANKURA         ","RAIPUR          ",43
26.33,89.23,"COOCH BEHAR     ","MATHABHANGA     2",43
26.48,89.52,"ALIPURDUAR      ","ALIPURDUAR      2",43
26.55,88.75,"JALPAIGURI      ","DAMOHANI        ",43
26.67,89.33,"ALIPURDUAR      ","HASIMARA        1",43
27.12,88.58,"DARJEELING      ","ALGARAH         ",43
27.16,88.56,"KALIMPONG       ","MUNSONG         ",43
22.23,87.8,"PURBA MEDINIPUR","MOYNA           ",42
22.75,87.03,"BANKURA         ","SARANGA         ",42
26.58,88.93,"JALPAIGURI      ","NH31 BRIDGE     ",42
23.13,87.25,"BANKURA         ","SALBUNDH/J.PURI ",41
23.43,87.37,"PASCHIM BARDHAMAN         ","RENDIA          ",41
26.92,88.92,"JALPAIGURI      ","NAGARKATA       ",41
26.93,89,"JALPAIGURI      ","CHENGMARI/DIANA ",41
22.18,88.2,"24 PARGANAS S   ","DIAMOND HARBOUR 2",40
22.22,86.88,"JHARGRAM        ","GOPIBALLABHPUR  ",40
22.25,88.67,"24 PARGANAS S   ","CANNING         1",40
21.83,87.78,"PURBA MEDINIPUR","DIGHA           ",39
22.7,87.18,"PURBA MEDINIPUR","GOALFORE        ",39
26.66,89.84,"ALIPURDUAR      ","JAIGAON         ",39
26.88,88.55,"KALIMPONG       ","BAGROKOTE       ",39
27.07,88.87,"KALIMPONG       ","RANGO           ",39
22.37,87.55,"PASCHIM MEDINIPUR","BALICHAK        ",38
23.47,87.43,"PASCHIM BARDHAMAN         ","PANGARH AERO    ",38
23.57,87.12,"BANKURA         ","MAJHIA          ",38
26.66,89.84,"ALIPURDUAR      ","SANKOS          ",38
26.75,89.58,"ALIPURDUAR      ","BUXADUR         ",38
26.99,88.81,"JALPAIGURI      ","SAMSING         ",38
27.05,88.25,"DARJEELING      ","BIJANBARI       ",38
22.17,87,"PASCHIM MEDINIPUR","SALBANI         ",37
22.33,87.32,"PASCHIM MEDINIPUR","KHARAGPORE I.I.T",37
22.57,87.6,"PURBA MEDINIPUR","NARAJOLE        ",37
27.15,88.62,"KALIMPONG       ","PEDONG          2",37
22.18,88.8,"24 PARGANAS S   ","GOSABA          ",36
26.85,88.83,"JALPAIGURI      ","MURTI           ",36
24.03,87.98,"MURSHIDABAD     ","KHARGRAM        ",35
27.22,88.02,"DARJEELING      ","PHALUT          ",35
21.84,87.9,"PURBA MEDINIPUR","JENKA           ",34
21.98,87.8,"PURBA MEDINIPUR","HENRIA          ",34
22.07,88.07,"PURBA MEDINIPUR","HALDIA          ",34
22.72,87.83,"HOOGLY          ","KHANAKUL        ",34
22.8,88.3,"HOOGLY          ","CHANDITALA      ",34
22.9,88.02,"HOOGLY          ","TARAKESHWAR     ",33
23.53,86.52,"PURULIA ","PARA            ",33
26.75,88.42,"DARJEELING      ","CHAMPASARI      ",33
23.9,87.5,"BIRBHUM         ","RAJNAGAR        ",32
26.32,88.92,"COOCH BEHAR     ","MEKHLIGANJ      1",32
22.13,87.58,"PASCHIM MEDINIPUR","SABONG          ",31
22.2,88.47,"24 PARGANAS N   ","BASIRHAT        1",31
22.33,88.38,"24 PARGANAS S   ","BARNIPUR        1",31
22.63,86.98,"JHARGRAM        ","D.P.GHAT        ",31
22.67,88.65,"24 PARGANAS N   ","DEGANGA         1",31
22.8,87.9,"HOOGLY          ","HARINKHOLA      ",31
22.93,86.77,"BANKURA         ","KANSABETI DAM   ",31
22.97,88.05,"HOOGLY          ","DHANIAKHALI     1",31
23,86.63,"PURULIA ","KHARIDWAR(CWC)  ",31
23.07,86.37,"PURULIA ","PURIHANSA       ",31
23.13,86.72,"PURULIA ","TUSUMA(CWC)     ",31
23.18,88.53,"NADIA           ","NAKSHIPARA      ",31
23.3,86.37,"PURULIA ","SIMULA(CWC)     ",31
23.34,86.36,"PURULIA ","HATWARA         ",31
23.43,86.67,"PURULIA ","KASHIPUR        ",31
23.6,87.7,"BIRBHUM         ","GHEROPARA       ",31
23.93,87.55,"BIRBHUM         ","TILPARA BARRAGE ",31
24.03,87.15,"BIRBHUM         ","TANTLOI         ",31
24.48,87.05,"MURSHIDABAD     ","JANGIPUR        ",31
25.15,88.17,"UTTAR DINAJPUR","ISLAMPUR        ",31
26.17,89.25,"DARJEELING      ","SALBARI         ",31
26.58,88.68,"JALPAIGURI      ","MOHITNAGAR      ",31
27.12,88,"DARJEELING      ","SANDAKPHU       ",31
22.67,88.65,"24 PARGANAS S   ","MANMOTHNAGAR    ",30
22.7,87.58,"PASCHIM MEDINIPUR","KHIRAPAI        ",30
22.77,88.37,"24 PARGANAS N   ","BARRACKPUR(IAF) ",30
22.78,86.93,"BANKURA         ","SIROMANIPUR     ",30
23.12,88.22,"HOOGLY          ","BOINCHEE        ",30
23.26,88.06,"PURBA BARDHAMAN         ","MONTESWAR       ",30
23.48,87.47,"PASCHIM BARDHAMAN         ","KANKSA          ",30
23.7,88.3,"NADIA           ","DEBAGRAM        1",30
23.75,88.12,"MURSHIDABAD     ","SALAR           ",30
26.33,88.75,"COOCH BEHAR     ","HELDIBARI       ",30
22.05,88.07,"PURBA MEDINIPUR","DURGACHACK      ",29
23.23,87.85,"PURBA BARDHAMAN         ","BURDAWAN        1",29
23.33,86.75,"BANKURA         ","ARHARA          ",29
23.68,87.35,"PURBA BARDHAMAN         ","SHAMSUNDAR ROYNA",29
23.87,88.45,"MURSHIDABAD     ","AMTALA          ",29
24.17,87.5,"BIRBHUM         ","NALHATI         2",29
24.25,87.67,"BIRBHUM         ","NARAYANPUR      ",29
23.45,87.2,"BIRBHUM         ","LABPUR          2",28
24.26,87.35,"BIRBHUM         ","MURARAI         2",28
23.2,86.03,"PURULIA ","BAGMANDI        ",27
23.23,87.07,"BANKURA         ","BANKURA(CWC)    ",27
23.32,87.54,"PURBA BARDHAMAN         ","MANGALKOT       ",27
27,88.15,"DARJEELING      ","SUKHIAPOKHRI    ",27
22.78,87.83,"HOOGLY          ","TENTULIA        ",26
23.29,87.33,"PURBA BARDHAMAN         ","MANKER          2",26
26.52,89.8,"ALIPURDUAR      ","BAROBHISHA      ",26
22.42,87.32,"PASCHIM MEDINIPUR","MIDNAPORE(CWC)  ",25
26.32,89.65,"ALIPURDUAR      ","CHEPAN          ",25
26.66,88.74,"ALIPURDUAR      ","BHUTANGHAT/T.T.E",25
27.03,88.87,"KALIMPONG       ","PAREN/JHALUNG   ",25
21.97,87.27,"PASCHIM MEDINIPUR","DANTEN          ",24
22.93,86.77,"BANKURA         ","AMBIKANAGAR     ",24
23.2,87.53,"BANKURA         ","PATRASAYAR      ",24
23.77,87.4,"BIRBHUM         ","HETAMPUR        2",24
23.88,88,"MURSHIDABAD     ","BHARATPUR       ",24
23.98,87.77,"BIRBHUM         ","MAYURESHWAR     ",24
26.72,89.37,"COOCH BEHAR     ","HASIMARA  AERO  ",24
26.58,89,"JALPAIGURI      ","DHUPGURI        ",23
25.53,88.13,"UTTAR DINAJPUR","RAIGANJ         2",22
27.02,88.08,"DARJEELING      ","TANGLU          ",22
23.43,86.13,"PURULIA ","JAIPUR          ",20
26.76,88.59,"JALPAIGURI      ","GAJOLDOBA       ",20
23.12,88.46,"HOOGLY          ","BALAGARH        ",19
22.06,88.12,"PURBA MEDINIPUR","GADGHAT         ",18
22.12,87.95,"PURBA MEDINIPUR","ETAMOGRA        ",18
23.42,87.08,"BANKURA         ","DEULI           ",18
24.25,88.4,"MURSHIDABAD     ","CHANDIPUR       ",18
22.48,87,"JHARGRAM        ","GHARGRAM        ",17
22.67,88.08,"HOWRAH          ","JAGATBALLARPUR  ",17
27.02,88.15,"DARJEELING      ","RAMAN           ",17
25.32,88.77,"DAKSHIN DINAJPUR","MAJHIAN         ",16
26.5,89.53,"ALIPURDUAR      ","ALIPURDUAR(CWC) ",16
27.05,88.42,"KALIMPONG       ","TEESTA BAZAR    ",16
27.06,88.47,"KALIMPONG       ","RESSISUM        ",16
24.83,88.03,"MALDA           ","KALICHAK        ",14
23.43,87.03,"PURBA MEDINIPUR","LACHMANPUR      ",13
24.15,88.24,"MURSHIDABAD     ","JIAGANJ         ",13
26.93,88.7,"KALIMPONG       ","GARUBATHAN      ",13
27,88,"DARJEELING      ","JHEPI           ",13
22.42,87.32,"PASCHIM MEDINIPUR","MIDNAPORE (SCRF)",12
25.27,88.78,"DAKSHIN DINAJPUR","MAHINAGAR       ",12
25.64,88.32,"UTTAR DINAJPUR","KALIAGANJ       ",12
22.42,87,"PURULIA ","PHULBERIA       ",11
22.9,88.37,"HOOGLY          ","CHINSURA        1",11
25.28,88.57,"DAKSHIN DINAJPUR","TAPAN           ",11
25.78,87.92,"UTTAR DINAJPUR","KARANDIGHI      ",11
26.57,88.63,"JALPAIGURI      ","CHEL            ",11
27.03,88.16,"DARJEELING      ","DARJEELING      2",11
22.82,88.22,"HOOGLY          ","SINGUR          ",9
25.87,87.84,"UTTAR DINAJPUR","DALKOLA (FCS)   ",9
22,88,"NADIA           ","KALYANI         2",8
22.08,88.37,"HOOGLY          ","CHINSURA        2",8
22.27,87.92,"PURBA MEDINIPUR","TAMLUK          2",8
22.37,86.43,"24 PARGANAS S   ","BARNIPUR        2",8
23.22,87.88,"PURBA BARDHAMAN         ","BURDAWAN        2",8
21.75,88.05,"24 PARGANAS S   ","SAGAR ISLAND    2",7
22.3,87.3,"PASCHIM MEDINIPUR","KHARAGPORE      2",7
22.47,88.08,"HOWRAH          ","ULUBERIA        3",7
23.35,85.97,"PURULIA ","JHALDA          ",7
24.08,88.27,"MURSHIDABAD     ","BARHAMPORE      2",7
26.23,89.38,"COOCH BEHAR     ","PUNDIBARI       ",7
22.95,88.08,"HOOGLY          ","DHANIAKHALI     2",6
23.05,88.53,"NADIA           ","CHAKDAH         ",6
23.4,88.48,"NADIA           ","KRISHNANAGAR    2",6
26.12,89.47,"COOCH BEHAR     ","DINHATA         2",6
26.3,89.65,"COOCH BEHAR     ","TOOFANGANJ      ",6
26.35,88.28,"UTTAR DINAJPUR","CHOPRA          2",6
26.47,88.42,"DARJEELING      ","SILIGURI        2",6
26.8,89.35,"ALIPURDUAR      ","MOHUA TEA  ESTAT",6
26.85,88.73,"JALPAIGURI      ","MALBAZAR        ",6
22.67,88.12,"HOWRAH          ","JAGATVALLAVPUR  ",5
22.67,88.87,"24 PARGANAS N   ","BASIRHAT        2",5
22.68,88.67,"24 PARGANAS N   ","DEGANGA         2",5
22.97,88.48,"24 PARGANAS N   ","MO KOLKATA      ",5
22.97,88.48,"NADIA           ","KALYANI         1",5
23.48,87.4,"BANKURA         ","SONAMUKHI       2",5
23.8,87.58,"BIRBHUM         ","SHEKHAMPORE     ",5
23.92,87.52,"BIRBHUM         ","SURI            2",5
26.33,88.9,"COOCH BEHAR     ","MEKHLIGANJ      2",5
23.08,86.85,"BANKURA         ","KADAMDEULI      ",4
23.68,88.28,"NADIA           ","DEBAGRAM        2",4
26.7,89.6,"ALIPURDUAR      ","JAYANTI         ",4
27.13,88.62,"KALIMPONG       ","PEDONG          3",4
22.95,86.78,"BANKURA         ","MUKUTMONIPUR    ",3
23.23,87.03,"BANKURA         ","BANKURA         2",3
23.25,86.17,"PURULIA ","ALSHA           ",3
23.42,86.07,"PURULIA ","KOTSHILA        ",3
23.67,86.97,"PASCHIM BARDHAMAN         ","BURNPUR         ",3
24.17,88.27,"MURSHIDABAD     ","LALBAGH         2",3
25.2,87.92,"MALDA           ","RATUA           ",3
25.75,88.13,"UTTAR DINAJPUR","ITAHAR          2",3
26.37,88.31,"UTTAR DINAJPUR","CHOPRA          1",3
26.52,88.72,"JALPAIGURI      ","JALPAIGURI      2",3
26.57,88.92,"JALPAIGURI      ","MAINAGURI       ",3
26.73,89.37,"ALIPURDUAR      ","HASIMARA        2",3
21.67,88.35,"24 PARGANAS S   ","RAIDIGHI        ",2
21.87,87.95,"PASCHIM MEDINIPUR","GHARGRAM KHEJURI",2
21.87,88.18,"24 PARGANAS S   ","KAKDWIP         ",2
22,88,"24 PARGANAS S   ","CANNING         2",2
22.44,87,"JHARGRAM        ","JHARGRAM (PT0)  ",2
22.58,87.05,"JHARGRAM        ","LALGARH         ",2
22.6,88.32,"24 PARGANAS S   ","KAKDWIP AMFU    ",2
23.63,88.12,"PURBA BARDHAMAN         ","KATWA           2",2
23.68,86.95,"PASCHIM BARDHAMAN         ","ASANSOLE %A     ",2
25,88.3,"MALDA           ","HABIBPUR        ",2
25.17,88.37,"MALDA           ","BAMONGOLA       ",2
25.23,88.25,"DAKSHIN DINAJPUR","BANSHIHARI      ",2
25.31,88.22,"DAKSHIN DINAJPUR","KUSHMIUNDI      ",2
25.32,88.77,"DAKSHIN DINAJPUR","MAJHIAN AMFU    ",2
25.42,87.88,"MALDA           ","HARISHCHANDRAPUR",2
25.43,88.73,"DAKSHIN DINAJPUR","KUMARGANJ       ",2
25.6,88.1,"UTTAR DINAJPUR","RAIGANJ(PTO)    ",2
25.67,88.23,"UTTAR DINAJPUR","HEMTABAD        ",2
26.4,89.38,"COOCH BEHAR     ","PUNDIBARI AMFU  ",2
26.55,88.18,"DARJEELING      ","KHARIBARI       ",2
27.07,88.47,"KALIMPONG       ","KALIMPONG AMFU  ",2
22.35,88.26,"24 PARGANAS N   ","MO SALT LAKE    ",1
23,86,"PURULIA ","PURULIA         3",1
